13133,Bridport,10153,Albert Park District
13987,Kerferd South,10153,Albert Park District
13504,Middle Park,10153,Albert Park District
13999,Port Melbourne,10153,Albert Park District
13229,Port Melbourne East,10153,Albert Park District
13490,Port Melbourne West,10153,Albert Park District
13384,Sandridge,10153,Albert Park District
13983,South Melbourne,10153,Albert Park District
13789,Southbank,10153,Albert Park District
12760,St Kilda,10153,Albert Park District
13285,St Kilda Park,10153,Albert Park District
13110,St Kilda South,10153,Albert Park District
13748,Alamanda,10190,Altona District
13939,Altona,10190,Altona District
12428,Altona Bay,10190,Altona District
12492,Altona Meadows,10190,Altona District
13060,Altona Meadows CC,10190,Altona District
12738,Altona West,10190,Altona District
13381,Boardwalk,10190,Altona District
13115,Jamieson Way,10190,Altona District
13026,Laverton,10190,Altona District
13886,Laverton North,10190,Altona District
13215,Point Cook East,10190,Altona District
13128,Point Cook North,10190,Altona District
13542,Seabrook,10190,Altona District
12744,Seabrook Central,10190,Altona District
13750,Seaholme,10190,Altona District
12941,Bass,10147,Bass District
13852,Bayles,10147,Bass District
13739,Cape Paterson,10147,Bass District
13400,Catani,10147,Bass District
12459,Clyde,10147,Bass District
12696,Clyde North East,10147,Bass District
13650,Corinella,10147,Bass District
12262,Cowes,10147,Bass District
13004,Dalyston,10147,Bass District
12965,Grantville,10147,Bass District
12313,Inverloch,10147,Bass District
13103,Kilcunda,10147,Bass District
12416,Koo Wee Rup,10147,Bass District
12365,Lakeside East,10147,Bass District
12331,Lang Lang,10147,Bass District
12233,Newhaven,10147,Bass District
13422,Pakenham,10147,Bass District
12856,Pakenham Central,10147,Bass District
12472,Pakenham Lakeside,10147,Bass District
12487,Pakenham Springs,10147,Bass District
12781,Rhyll,10147,Bass District
13315,San Remo,10147,Bass District
13505,Wonthaggi,10147,Bass District
13316,Wonthaggi North,10147,Bass District
12368,Bayswater,10184,Bayswater District
12388,Bayswater North,10184,Bayswater District
12869,Bayswater South,10184,Bayswater District
13414,Bayswater West,10184,Bayswater District
12354,Boronia East,10184,Bayswater District
12975,Boronia North,10184,Bayswater District
13479,Boronia West,10184,Bayswater District
13536,Canterbury Gardens,10184,Bayswater District
13565,Fairhills,10184,Bayswater District
13148,Glen Park,10184,Bayswater District
12445,Heathmont,10184,Bayswater District
13132,Heathmont East,10184,Bayswater District
12300,Heathmont West,10184,Bayswater District
13151,Knox,10184,Bayswater District
12663,Southwood,10184,Bayswater District
13190,The Basin,10184,Bayswater District
13887,Tinternvale,10184,Bayswater District
12374,Wantirna West,10184,Bayswater District
13432,Barwon Heads,10192,Bellarine District
13497,Beacon Point,10192,Bellarine District
12507,Clifton Springs,10192,Bellarine District
12346,Collendina,10192,Bellarine District
13975,Drysdale,10192,Bellarine District
13302,Leopold,10192,Bellarine District
13041,Moolap,10192,Bellarine District
13741,Ocean Grove,10192,Bellarine District
13774,Point Lonsdale,10192,Bellarine District
13616,Portarlington,10192,Bellarine District
12894,Queenscliff,10192,Bellarine District
12504,St Leonards,10192,Bellarine District
12453,Surfside,10192,Bellarine District
12800,Wallington,10192,Bellarine District
12473,Baranduda,10123,Benambra District
13988,Barnawartha,10123,Benambra District
12936,Beechworth,10123,Benambra District
13684,Bethanga,10123,Benambra District
12877,Bonegilla,10123,Benambra District
12688,Bullioh,10123,Benambra District
13957,Chiltern,10123,Benambra District
13483,Corryong,10123,Benambra District
13386,Cudgewa,10123,Benambra District
13925,Dederang,10123,Benambra District
12283,Eskdale,10123,Benambra District
13235,Kergunyah,10123,Benambra District
13140,Mitta Mitta,10123,Benambra District
12922,Mt Beauty,10123,Benambra District
13411,Running Creek,10123,Benambra District
13547,Rutherglen,10123,Benambra District
13924,Sandy Creek,10123,Benambra District
12661,Stanley,10123,Benambra District
13001,Tallangatta,10123,Benambra District
13124,Tallangatta Valley,10123,Benambra District
13600,Tangambalanga,10123,Benambra District
13108,Tawonga,10123,Benambra District
13475,Victory,10123,Benambra District
13818,Wahgunyah,10123,Benambra District
13045,Walwa,10123,Benambra District
12631,Wodonga,10123,Benambra District
13121,Wodonga Birallee,10123,Benambra District
13958,Wodonga Central,10123,Benambra District
12926,Wodonga South,10123,Benambra District
13759,Wooragee,10123,Benambra District
12719,Yackandandah,10123,Benambra District
12888,Axedale,10138,Bendigo East District
12330,Bendigo Central,10138,Bendigo East District
12828,Bendigo East,10138,Bendigo East District
12745,Comet Hill,10138,Bendigo East District
13178,Dingee,10138,Bendigo East District
13746,Eaglehawk North,10138,Bendigo East District
12559,Elmore,10138,Bendigo East District
13511,Eppalock,10138,Bendigo East District
13343,Epsom,10138,Bendigo East District
13708,Flora Hill,10138,Bendigo East District
12606,Golden Square,10138,Bendigo East District
13753,Goornong,10138,Bendigo East District
12304,Huntly,10138,Bendigo East District
12693,Jobs Gully,10138,Bendigo East District
13795,Junortoun,10138,Bendigo East District
13039,Kangaroo Flat South,10138,Bendigo East District
12624,Kennington,10138,Bendigo East District
13456,Mandurang,10138,Bendigo East District
13864,Quarry Hill,10138,Bendigo East District
13676,Raywood,10138,Bendigo East District
12287,Sailors Gully,10138,Bendigo East District
12766,Sedgwick,10138,Bendigo East District
13901,Serpentine,10138,Bendigo East District
12537,Spring Gully,10138,Bendigo East District
13847,Strath Hill,10138,Bendigo East District
12813,Strathdale,10138,Bendigo East District
13624,Strathfieldsaye,10138,Bendigo East District
12836,Weeroona,10138,Bendigo East District
13352,White Hills,10138,Bendigo East District
13589,Woodvale,10138,Bendigo East District
13879,Bendigo Central,10134,Bendigo West District
13282,Bendigo North,10134,Bendigo West District
13678,California Gully,10134,Bendigo West District
13152,Campbells Creek,10134,Bendigo West District
12981,Castlemaine,10134,Bendigo West District
13374,Castlemaine North,10134,Bendigo West District
13735,Chewton,10134,Bendigo West District
13697,Comet Hill,10134,Bendigo West District
13462,Eaglehawk West,10134,Bendigo West District
12436,Golden Square,10134,Bendigo West District
13331,Golden Square South,10134,Bendigo West District
13424,Guildford,10134,Bendigo West District
13527,Harcourt,10134,Bendigo West District
12221,Ironbark,10134,Bendigo West District
13812,Kangaroo Flat,10134,Bendigo West District
13745,Kangaroo Flat South,10134,Bendigo West District
14001,Kangaroo Flat South West,10134,Bendigo West District
13912,Lockwood,10134,Bendigo West District
13358,Maiden Gully,10134,Bendigo West District
12478,Maldon,10134,Bendigo West District
12280,Marong,10134,Bendigo West District
13069,Newstead,10134,Bendigo West District
12566,Sandhurst,10134,Bendigo West District
12361,Sparrowhawk,10134,Bendigo West District
12715,Specimen Hill,10134,Bendigo West District
12711,Winters Flat,10134,Bendigo West District
13761,Bentleigh,10183,Bentleigh District
13858,Bentleigh Central,10183,Bentleigh District
13736,Bentleigh East,10183,Bentleigh District
13054,Bentleigh West,10183,Bentleigh District
12621,Berendale,10183,Bentleigh District
12805,Coatesville,10183,Bentleigh District
13491,Hughesdale South,10183,Bentleigh District
13417,McKinnon,10183,Bentleigh District
13588,McKinnon East,10183,Bentleigh District
13270,Moorabbin Central,10183,Bentleigh District
13265,Moorabbin Heights,10183,Bentleigh District
13391,Moorabbin South,10183,Bentleigh District
13686,Moorabbin South East,10183,Bentleigh District
13364,Ormond West,10183,Bentleigh District
12236,Southmoor,10183,Bentleigh District
13872,Balwyn,10115,Box Hill District
13587,Blackburn,10115,Box Hill District
12851,Blackburn Lake,10115,Box Hill District
12986,Blackburn North,10115,Box Hill District
13581,Box Hill,10115,Box Hill District
12324,Box Hill Central,10115,Box Hill District
12844,Box Hill North,10115,Box Hill District
13494,Chatham,10115,Box Hill District
13223,Greythorn,10115,Box Hill District
13294,Kerrimuir,10115,Box Hill District
12406,Koonung Heights,10115,Box Hill District
12824,Laburnum,10115,Box Hill District
13546,Middlefield,10115,Box Hill District
13519,Mont Albert,10115,Box Hill District
13875,Surrey Hills,10115,Box Hill District
13444,Surrey Hills North,10115,Box Hill District
12789,Tyne,10115,Box Hill District
12683,Brighton,10129,Brighton District
13240,Brighton Beach,10129,Brighton District
12939,Brighton East,10129,Brighton District
12238,Brighton High,10129,Brighton District
13682,Dendy,10129,Brighton District
13523,Elsternwick South,10129,Brighton District
12910,Elwood,10129,Brighton District
12634,Elwood North,10129,Brighton District
13596,Gardenvale,10129,Brighton District
12464,Hampton,10129,Brighton District
13921,Hampton East,10129,Brighton District
12879,Landcox,10129,Brighton District
13559,Ludstone,10129,Brighton District
13538,Middle Brighton,10129,Brighton District
13598,Bethal,10152,Broadmeadows District
13965,Broadmeadows,10152,Broadmeadows District
13198,Broadmeadows North,10152,Broadmeadows District
13096,Campbellfield,10152,Broadmeadows District
12612,Coolaroo,10152,Broadmeadows District
13431,Fawkner,10152,Broadmeadows District
13261,Fawkner North,10152,Broadmeadows District
12713,Glenroy,10152,Broadmeadows District
13478,Glenroy North,10152,Broadmeadows District
12437,Gowrie Park,10152,Broadmeadows District
13629,Hume Central,10152,Broadmeadows District
13131,Meadow Heights,10152,Broadmeadows District
13015,Moomba Park,10152,Broadmeadows District
13308,Roxburgh Homestead,10152,Broadmeadows District
12706,Roxburgh Park,10152,Broadmeadows District
12405,Upfield,10152,Broadmeadows District
13903,Westmeadows,10152,Broadmeadows District
13481,Blyth,10107,Brunswick District
12220,Brunswick East,10107,Brunswick District
12267,Brunswick North,10107,Brunswick District
13515,Brunswick North West,10107,Brunswick District
13649,Brunswick South,10107,Brunswick District
13651,Brunswick South West,10107,Brunswick District
12865,Coburg,10107,Brunswick District
12923,Coburg East,10107,Brunswick District
13109,Coburg West,10107,Brunswick District
12680,Edward,10107,Brunswick District
12256,Glen Nichol,10107,Brunswick District
13125,Melville,10107,Brunswick District
12692,Merri,10107,Brunswick District
12695,Mitchell Street,10107,Brunswick District
12651,Moreland,10107,Brunswick District
12791,Pascoe Vale South,10107,Brunswick District
13802,Bulleen,10145,Bulleen District
12237,Bulleen West,10145,Bulleen District
13399,Doncaster,10145,Bulleen District
13269,Doncaster Central,10145,Bulleen District
12533,Doncaster South,10145,Bulleen District
12731,Doncaster West,10145,Bulleen District
12641,Lower Templestowe,10145,Bulleen District
13664,Manningham,10145,Bulleen District
13033,Serpell,10145,Bulleen District
13569,St Gregory's,10145,Bulleen District
13336,Templestowe,10145,Bulleen District
12252,Templestowe Heights,10145,Bulleen District
13805,Templestowe Park,10145,Bulleen District
13990,Templestowe Valley,10145,Bulleen District
13435,The Pines,10145,Bulleen District
13176,Bundoora,10149,Bundoora District
13309,Findon,10149,Bundoora District
12737,Greensborough,10149,Bundoora District
13292,Kingsbury,10149,Bundoora District
12945,Mill Park,10149,Bundoora District
13139,Norris Bank,10149,Bundoora District
13892,Streeton,10149,Bundoora District
12638,The Stables,10149,Bundoora District
13164,Watsonia,10149,Bundoora District
13330,Watsonia Central,10149,Bundoora District
12704,Watsonia Heights,10149,Bundoora District
13757,Watsonia North,10149,Bundoora District
12617,Watsonia South,10149,Bundoora District
12881,Yulong Park,10149,Bundoora District
12450,Bacchus Marsh,10157,Buninyong District
12768,Ballan,10157,Buninyong District
13973,Bungaree,10157,Buninyong District
12483,Buninyong,10157,Buninyong District
12803,Caledonian,10157,Buninyong District
12441,Canadian,10157,Buninyong District
12927,Cape Clear,10157,Buninyong District
12645,Clarkes Hill,10157,Buninyong District
12994,Dereel,10157,Buninyong District
13089,Elaine,10157,Buninyong District
13707,Gordon,10157,Buninyong District
12375,Haddon,10157,Buninyong District
12709,Lethbridge,10157,Buninyong District
13643,Linton,10157,Buninyong District
12859,Magpie,10157,Buninyong District
13413,Meredith,10157,Buninyong District
13201,Mount Clear,10157,Buninyong District
13817,Mount Egerton,10157,Buninyong District
12644,Mount Pleasant,10157,Buninyong District
13335,Mount Wallace,10157,Buninyong District
12400,Myrniong,10157,Buninyong District
12402,Napoleons,10157,Buninyong District
13135,Redan,10157,Buninyong District
13383,Ross Creek,10157,Buninyong District
13118,Scarsdale,10157,Buninyong District
13561,Sebastopol,10157,Buninyong District
13717,Smythesdale,10157,Buninyong District
12420,Springbank,10157,Buninyong District
12329,The Stockade,10157,Buninyong District
12628,Warrenheip,10157,Buninyong District
12245,Alamein,10188,Burwood District
13179,Ashburton,10188,Burwood District
12485,Ashwood,10188,Burwood District
12953,Box Hill South,10188,Burwood District
13823,Burwood,10188,Burwood District
12668,Burwood Central,10188,Burwood District
12747,Chatham South,10188,Burwood District
13539,Elgar Park,10188,Burwood District
12257,Glen Iris,10188,Burwood District
13367,Glen Iris South,10188,Burwood District
13233,Hartwell,10188,Burwood District
13123,Highfield,10188,Burwood District
12671,Jordanville South,10188,Burwood District
12840,Starling,10188,Burwood District
12312,Surrey Hills,10188,Burwood District
12320,Wattle Park,10188,Burwood District
13977,Banyan Fields,10125,Carrum District
13915,Belvedere Park,10125,Carrum District
12422,Bonbeach,10125,Carrum District
12323,Carrum,10125,Carrum District
13458,Carrum Downs,10125,Carrum District
12816,Carrum Downs Central,10125,Carrum District
12536,Chelsea Central,10125,Carrum District
13641,Kananook,10125,Carrum District
12451,Lyrebird,10125,Carrum District
13199,Patterson Lakes,10125,Carrum District
13197,Rowellyn Park,10125,Carrum District
13351,Seaford,10125,Carrum District
12398,Seaford North,10125,Carrum District
13326,Skye,10125,Carrum District
13263,Bundeera,10139,Caulfield District
13593,Caulfield East,10139,Caulfield District
12224,Caulfield North,10139,Caulfield District
13765,Caulfield South,10139,Caulfield District
13412,Caulfield Upper,10139,Caulfield District
13449,Caulfield West,10139,Caulfield District
13363,Clarence,10139,Caulfield District
13301,Elsternwick,10139,Caulfield District
12376,Elsternwick North,10139,Caulfield District
13605,Glen Eira,10139,Caulfield District
13185,Glenhuntly East,10139,Caulfield District
12976,Ormond,10139,Caulfield District
12498,Ripponlea East,10139,Caulfield District
12465,St Kilda,10139,Caulfield District
13299,Cheltenham East,10169,Clarinda District
12721,Cheltenham North,10169,Clarinda District
14011,Clarinda,10169,Clarinda District
13061,Clarinda South,10169,Clarinda District
13236,Clayton,10169,Clarinda District
13480,Clayton East,10169,Clarinda District
12756,Clayton North,10169,Clarinda District
13821,Clayton South,10169,Clarinda District
12279,Coatesville,10169,Clarinda District
13372,Davies Reserve,10169,Clarinda District
13909,Heatherton North,10169,Clarinda District
13727,Hughesdale South,10169,Clarinda District
13438,Kingston Heath,10169,Clarinda District
12579,Oakleigh South,10169,Clarinda District
13477,Spring Valley,10169,Clarinda District
13614,Springvale,10169,Clarinda District
13395,Springvale Central,10169,Clarinda District
12629,Springvale North,10169,Clarinda District
12563,Springvale West,10169,Clarinda District
13995,Westall,10169,Clarinda District
13312,Amstel,10178,Cranbourne District
13810,Casey Central,10178,Cranbourne District
13219,Clyde,10178,Cranbourne District
12343,Clyde North,10178,Cranbourne District
12477,Courtenay Gardens,10178,Cranbourne District
13002,Cranbourne,10178,Cranbourne District
12983,Cranbourne East,10178,Cranbourne District
13254,Cranbourne North East,10178,Cranbourne District
13376,Cranbourne North West,10178,Cranbourne District
13723,Cranbourne Park,10178,Cranbourne District
12676,Cranbourne South,10178,Cranbourne District
13730,Cranbourne South West,10178,Cranbourne District
13861,Cranbourne West,10178,Cranbourne District
13906,Lynbrook,10178,Cranbourne District
12690,Lyndhurst,10178,Cranbourne District
13314,Lyndhurst West,10178,Cranbourne District
13756,Rangebank,10178,Cranbourne District
13922,Civic Square,10168,Croydon District
13082,Croydon,10168,Croydon District
12381,Croydon Central,10168,Croydon District
13934,Croydon East,10168,Croydon District
14008,Croydon Hills,10168,Croydon District
13974,Croydon North,10168,Croydon District
12728,Croydon West,10168,Croydon District
12874,Dorset,10168,Croydon District
12319,Kalinda,10168,Croydon District
13953,Kilsyth,10168,Croydon District
13454,Lincoln,10168,Croydon District
12967,Manchester,10168,Croydon District
14002,Mooroolbark,10168,Croydon District
12377,Mooroolbark South,10168,Croydon District
13815,Ringwood North,10168,Croydon District
13024,Tinternvale,10168,Croydon District
13097,Warranwood,10168,Croydon District
13602,Yarra Road,10168,Croydon District
12673,Cleeland,10102,Dandenong District
12732,Dandenong Central,10102,Dandenong District
12716,Dandenong North,10102,Dandenong District
13738,Dandenong South,10102,Dandenong District
13710,Dandenong West,10102,Dandenong District
13389,Doveton North,10102,Dandenong District
13156,Doveton West,10102,Dandenong District
13908,Endeavour Hills,10102,Dandenong District
13193,Endeavour Hills North,10102,Dandenong District
12650,Glen Eagles,10102,Dandenong District
12944,Lyndale,10102,Dandenong District
13893,Rosewood Downs,10102,Dandenong District
13570,Wooranna Park,10102,Dandenong District
13758,Yarraman Oaks,10102,Dandenong District
13762,Alexandra,10176,Eildon District
12327,Arthurs Creek,10176,Eildon District
12394,Badger Creek,10176,Eildon District
13442,Bonnie Doon,10176,Eildon District
13828,Buxton,10176,Eildon District
12609,Dixons Creek,10176,Eildon District
13514,Eildon,10176,Eildon District
12912,Flowerdale,10176,Eildon District
13788,Gladysdale,10176,Eildon District
12554,Glenburn,10176,Eildon District
12691,Healesville,10176,Eildon District
13371,Healesville Central,10176,Eildon District
13440,Hoddles Creek,10176,Eildon District
12474,Jamieson,10176,Eildon District
13353,Kangaroo Ground,10176,Eildon District
13202,Kinglake,10176,Eildon District
12930,Kinglake West,10176,Eildon District
12250,Launching Place,10176,Eildon District
12469,Mansfield,10176,Eildon District
12950,Marysville,10176,Eildon District
13031,Merrijig,10176,Eildon District
12870,Merton,10176,Eildon District
12603,Millgrove,10176,Eildon District
12809,Narbethong,10176,Eildon District
13568,Panton Hill,10176,Eildon District
12882,Piries-Goughs Bay,10176,Eildon District
13611,St Andrews,10176,Eildon District
13857,Taggerty,10176,Eildon District
13010,Thornton,10176,Eildon District
12775,Tolmie,10176,Eildon District
13137,Toolangi,10176,Eildon District
13080,Warburton,10176,Eildon District
13180,Warburton East,10176,Eildon District
12639,Wesburn,10176,Eildon District
13832,Woori Yallock,10176,Eildon District
12857,Yarck,10176,Eildon District
12481,Yarra Glen,10176,Eildon District
12585,Yarra Junction,10176,Eildon District
13402,Yea,10176,Eildon District
13011,Apollo Parkways,10100,Eltham District
12714,Briar Hill,10100,Eltham District
13369,Eltham,10100,Eltham District
13698,Eltham East,10100,Eltham District
13517,Eltham North,10100,Eltham District
12564,Eltham Woods,10100,Eltham District
13877,Glen Katherine,10100,Eltham District
13473,Greenhills,10100,Eltham District
13492,Greensborough,10100,Eltham District
13420,Holy Trinity - Eltham North,10100,Eltham District
12906,Lower Plenty,10100,Eltham District
13972,Montmorency,10100,Eltham District
12419,Montmorency South,10100,Eltham District
12531,Research,10100,Eltham District
12596,Sherbourne,10100,Eltham District
13071,Ascot Vale Central,10124,Essendon District
13679,Ascot Vale East,10124,Essendon District
12409,Ascot Vale West,10124,Essendon District
13884,Buckley Park,10124,Essendon District
13451,Essendon,10124,Essendon District
12957,Essendon North,10124,Essendon District
12423,Essendon West,10124,Essendon District
12594,Flemington,10124,Essendon District
13427,Glenbervie,10124,Essendon District
12684,Moonee Ponds,10124,Essendon District
13891,Moonee Ponds Central,10124,Essendon District
13319,Moonee Ponds West,10124,Essendon District
12741,Newmarket,10124,Essendon District
13162,Strathmore,10124,Essendon District
12259,Strathmore North,10124,Essendon District
12675,Arcadia,10146,Euroa District
13902,Avenel,10146,Euroa District
12591,Baddaginnie,10146,Euroa District
12860,Benalla,10146,Euroa District
13055,Benalla West,10146,Euroa District
13896,Broadford,10146,Euroa District
13495,Byrneside,10146,Euroa District
13555,Caniambo,10146,Euroa District
12995,Clonbinane,10146,Euroa District
13184,Colbinabbin,10146,Euroa District
12846,Cooma,10146,Euroa District
13370,Devenish,10146,Euroa District
12284,Dhurringile,10146,Euroa District
12275,Euroa,10146,Euroa District
12746,Girgarre,10146,Euroa District
13534,Goorambat,10146,Euroa District
12359,Heathcote,10146,Euroa District
13700,Kilmore,10146,Euroa District
13661,Longwood,10146,Euroa District
12228,Lurg,10146,Euroa District
12301,Merrigum,10146,Euroa District
12972,Murchison,10146,Euroa District
13072,Nagambie,10146,Euroa District
12496,Puckapunyal,10146,Euroa District
12795,Pyalong,10146,Euroa District
13848,Redesdale,10146,Euroa District
12990,Ruffy,10146,Euroa District
13610,Rushworth,10146,Euroa District
12739,Seymour,10146,Euroa District
13567,Seymour East,10146,Euroa District
12222,Stanhope,10146,Euroa District
13500,Strathbogie,10146,Euroa District
12984,Swanpool,10146,Euroa District
13919,Tallarook,10146,Euroa District
13209,Tatong,10146,Euroa District
13808,Thoona,10146,Euroa District
12952,Tooborac,10146,Euroa District
13771,Toolleen,10146,Euroa District
12296,Violet Town,10146,Euroa District
13545,Wandong,10146,Euroa District
12370,Bimbadeen,10177,Evelyn District
13584,Chirnside Park,10177,Evelyn District
12310,Coldstream,10177,Evelyn District
12841,Croydon North,10177,Evelyn District
13211,Gruyere,10177,Evelyn District
12917,Lilydale,10177,Evelyn District
13763,Lilydale Heights,10177,Evelyn District
13165,Lilydale Lake,10177,Evelyn District
12251,Lilydale West,10177,Evelyn District
12815,Manchester,10177,Evelyn District
13702,Mount Evelyn,10177,Evelyn District
13740,Mt Evelyn South,10177,Evelyn District
13048,Rolling Hills,10177,Evelyn District
13390,Seville,10177,Evelyn District
12432,Wandin Yallock,10177,Evelyn District
12501,Fairhills,10165,Ferntree Gully District
13484,Ferntree Gully,10165,Ferntree Gully District
13247,Ferntree Gully Central,10165,Ferntree Gully District
12314,Ferntree Gully North,10165,Ferntree Gully District
13617,Ferntree Gully West,10165,Ferntree Gully District
13157,Flamingo,10165,Ferntree Gully District
13042,Knox Gardens,10165,Ferntree Gully District
12340,Knox Park,10165,Ferntree Gully District
13313,Knoxfield North,10165,Ferntree Gully District
13249,Mountain Gate,10165,Ferntree Gully District
12646,Scoresby,10165,Ferntree Gully District
13989,Studfield East,10165,Ferntree Gully District
13171,Templeton,10165,Ferntree Gully District
13466,Wantirna,10165,Ferntree Gully District
13173,Wantirna North,10165,Ferntree Gully District
12253,Wantirna South,10165,Ferntree Gully District
13634,Wantirna West,10165,Ferntree Gully District
12457,Ardeer,10104,Footscray District
13238,Ardeer South,10104,Footscray District
13172,Footscray,10104,Footscray District
13950,Footscray North,10104,Footscray District
13259,Footscray Park,10104,Footscray District
13512,Glengala,10104,Footscray District
13368,Glengala South,10104,Footscray District
13603,Hyde,10104,Footscray District
12942,Kingsville West,10104,Footscray District
12782,Maidstone,10104,Footscray District
13619,Maidstone West,10104,Footscray District
13099,Maribyrnong River,10104,Footscray District
13632,Sunshine,10104,Footscray District
12292,Sunvale,10104,Footscray District
13767,Tottenham North,10104,Footscray District
12908,West Footscray,10104,Footscray District
13051,Blackburn South,10163,Forest Hill District
13873,Burwood Heights,10163,Forest Hill District
12934,Camelot,10163,Forest Hill District
13208,Charlesworth Park,10163,Forest Hill District
12446,Eastmont,10163,Forest Hill District
12722,Forest Hill,10163,Forest Hill District
12669,Glen Waverley,10163,Forest Hill District
13488,Highvale,10163,Forest Hill District
13403,Manooka,10163,Forest Hill District
13382,Mitcham South,10163,Forest Hill District
12550,Morack,10163,Forest Hill District
13356,Nunawading South,10163,Forest Hill District
12514,Parkmore,10163,Forest Hill District
12654,Tally Ho,10163,Forest Hill District
12867,Vermont North,10163,Forest Hill District
12560,Warrawong,10163,Forest Hill District
13822,Weeden Heights,10163,Forest Hill District
13813,Aldercourt,10122,Frankston District
13647,Baden Powell,10122,Frankston District
13341,Ballam Park,10122,Frankston District
13749,Bruce Park,10122,Frankston District
12784,Derinya,10122,Frankston District
13549,Frankston,10122,Frankston District
12799,Frankston Beach,10122,Frankston District
12449,Frankston East,10122,Frankston District
13571,Frankston Forest,10122,Frankston District
12380,Frankston Heights,10122,Frankston District
13911,Frankston Rail,10122,Frankston District
12636,Frankston South,10122,Frankston District
13814,John Paul College,10122,Frankston District
13535,Kananook,10122,Frankston District
13932,Karingal Heights,10122,Frankston District
13280,Kingsley Park,10122,Frankston District
13685,Mt Erin,10122,Frankston District
12802,Aberdeen,10101,Geelong District
12670,Barwon,10101,Geelong District
13006,Belmont,10101,Geelong District
13541,Belmont North,10101,Geelong District
12317,Belmont West,10101,Geelong District
12623,Britannia,10101,Geelong District
12249,Chilwell,10101,Geelong District
13695,Fyans Park,10101,Geelong District
12868,Geelong,10101,Geelong District
12754,Geelong East,10101,Geelong District
12727,Geelong West,10101,Geelong District
13863,Kardinia Park,10101,Geelong District
12876,Kidman,10101,Geelong District
12978,Manifold Heights,10101,Geelong District
13798,Manifold Heights West,10101,Geelong District
13297,Newcomb,10101,Geelong District
12342,Newcomb South,10101,Geelong District
12996,Oberon,10101,Geelong District
12277,Shannon,10101,Geelong District
12761,St Albans Park,10101,Geelong District
13968,Thomson,10101,Geelong District
13870,Whittington,10101,Geelong District
13472,Whittington South,10101,Geelong District
13150,Avebury,10140,Gembrook District
13969,Beaconsfield,10140,Gembrook District
13662,Beaconsfield Upper,10140,Gembrook District
13332,Berwick,10140,Gembrook District
13183,Berwick Lodge,10140,Gembrook District
13997,Cockatoo,10140,Gembrook District
12985,Emerald,10140,Gembrook District
13416,Gembrook,10140,Gembrook District
13985,Harkaway,10140,Gembrook District
12773,Officer,10140,Gembrook District
13612,Officer East,10140,Gembrook District
12433,Pakenham Hills,10140,Gembrook District
13144,Pakenham Upper,10140,Gembrook District
13658,Timbarra,10140,Gembrook District
12633,Toomuc Valley,10140,Gembrook District
12769,Bairnsdale,10189,Gippsland East District
13493,Bairnsdale East,10189,Gippsland East District
12347,Bairnsdale West,10189,Gippsland East District
13665,Benambra,10189,Gippsland East District
12948,Bendoc,10189,Gippsland East District
12884,Boisdale,10189,Gippsland East District
13345,Briagolong,10189,Gippsland East District
13283,Bruthen,10189,Gippsland East District
13543,Buchan,10189,Gippsland East District
12357,Bundalaguah,10189,Gippsland East District
12269,Cann River,10189,Gippsland East District
13482,Cobains,10189,Gippsland East District
12900,Coongulla,10189,Gippsland East District
13419,Dargo,10189,Gippsland East District
12452,Eagle Point,10189,Gippsland East District
13963,Ellaswood,10189,Gippsland East District
12360,Ensay,10189,Gippsland East District
13070,Genoa,10189,Gippsland East District
13293,Glenmaggie,10189,Gippsland East District
12808,Heyfield,10189,Gippsland East District
13644,Johnsonville,10189,Gippsland East District
12764,Lakes Entrance,10189,Gippsland East District
12315,Lakes Entrance East,10189,Gippsland East District
12907,Lindenow,10189,Gippsland East District
13675,Lucknow,10189,Gippsland East District
13961,Lucknow West,10189,Gippsland East District
12557,Maffra,10189,Gippsland East District
12753,Mallacoota,10189,Gippsland East District
12821,Marlo,10189,Gippsland East District
12897,Meerlieu,10189,Gippsland East District
13489,Metung,10189,Gippsland East District
12484,Newlands Arm,10189,Gippsland East District
13630,Newmerella,10189,Gippsland East District
12593,Newry,10189,Gippsland East District
13687,Nicholson,10189,Gippsland East District
12649,Nowa Nowa,10189,Gippsland East District
13288,Nungurner,10189,Gippsland East District
12521,Omeo,10189,Gippsland East District
13112,Orbost,10189,Gippsland East District
13227,Paynesville,10189,Gippsland East District
12703,Stratford,10189,Gippsland East District
13101,Swifts Creek,10189,Gippsland East District
13800,Tinamba,10189,Gippsland East District
12298,Toorloo Arm,10189,Gippsland East District
12337,Valencia Creek,10189,Gippsland East District
12508,Alberton,10128,Gippsland South District
13859,Arawata,10128,Gippsland South District
12558,Bena,10128,Gippsland South District
12551,Berrys Creek,10128,Gippsland South District
13699,Devon North,10128,Gippsland South District
13829,Dumbalk,10128,Gippsland South District
13574,Fish Creek,10128,Gippsland South District
12353,Foster,10128,Gippsland South District
13586,Golden Beach,10128,Gippsland South District
12685,Gormandale,10128,Gippsland South District
13272,Kilmany,10128,Gippsland South District
12307,Kongwak,10128,Gippsland South District
12724,Koonwarra,10128,Gippsland South District
12573,Korumburra,10128,Gippsland South District
13154,Leongatha,10128,Gippsland South District
12524,Leongatha East,10128,Gippsland South District
13866,Leongatha South,10128,Gippsland South District
13365,Loch,10128,Gippsland South District
12812,Loch Sport,10128,Gippsland South District
13786,Longford,10128,Gippsland South District
12642,Mardan,10128,Gippsland South District
13052,Meeniyan,10128,Gippsland South District
13360,Mirboo North,10128,Gippsland South District
13486,Mount Eccles,10128,Gippsland South District
12467,Nambrok,10128,Gippsland South District
12356,Nerrena,10128,Gippsland South District
12497,Nyora,10128,Gippsland South District
14000,Poowong,10128,Gippsland South District
12396,Port Albert,10128,Gippsland South District
12362,Port Franklin,10128,Gippsland South District
12664,Rosedale,10128,Gippsland South District
13300,Sale,10128,Gippsland South District
12767,Sale East,10128,Gippsland South District
13725,Sale North,10128,Gippsland South District
12625,Sandy Point,10128,Gippsland South District
12928,Seaspray,10128,Gippsland South District
12951,Staceys Bridge,10128,Gippsland South District
13709,Stradbroke,10128,Gippsland South District
12574,Tarwin Lower,10128,Gippsland South District
13666,Toora,10128,Gippsland South District
13580,Welshpool,10128,Gippsland South District
13633,Won Wron,10128,Gippsland South District
13967,Woodside,10128,Gippsland South District
13558,Wurruk,10128,Gippsland South District
13979,Yanakie,10128,Gippsland South District
13608,Yarram,10128,Gippsland South District
13996,Baxter,10156,Hastings District
12678,Bittern,10156,Hastings District
12855,Blind Bight,10156,Hastings District
12679,Cranbourne South,10156,Hastings District
13003,Crib Point,10156,Hastings District
12326,Devon Meadows,10156,Hastings District
12765,Hastings,10156,Hastings District
13344,Langwarrin,10156,Hastings District
12230,Langwarrin Hall,10156,Hastings District
12989,Langwarrin Park,10156,Hastings District
13098,Pearcedale,10156,Hastings District
13657,Somerville,10156,Hastings District
13029,Somerville West,10156,Hastings District
13582,Tooradin,10156,Hastings District
13415,Tyabb,10156,Hastings District
13551,Westpark,10156,Hastings District
12660,Woodlands Primary,10156,Hastings District
12587,Auburn,10108,Hawthorn District
12909,Auburn North,10108,Hawthorn District
13453,Auburn South,10108,Hawthorn District
12403,Burwood West,10108,Hawthorn District
13509,Camberwell,10108,Hawthorn District
12241,Camberwell Middle,10108,Hawthorn District
13158,Camberwell South,10108,Hawthorn District
13161,Canterbury,10108,Hawthorn District
13729,Canterbury South,10108,Hawthorn District
13134,Chatham South,10108,Hawthorn District
13328,Glen Iris,10108,Hawthorn District
12970,Glenferrie,10108,Hawthorn District
13936,Glenferrie Central,10108,Hawthorn District
13703,Glenferrie South,10108,Hawthorn District
12792,Hawthorn,10108,Hawthorn District
12584,Highfield,10108,Hawthorn District
,Kooyong,10108,Hawthorn District
12443,Willison,10108,Hawthorn District
13181,Banyule,10136,Ivanhoe District
13333,Eaglemont,10136,Ivanhoe District
13465,Fairy Hills,10136,Ivanhoe District
12239,Golf Links,10136,Ivanhoe District
13334,Heidelberg,10136,Ivanhoe District
13637,Heidelberg West,10136,Ivanhoe District
12430,Ivanhoe,10136,Ivanhoe District
13628,Ivanhoe East,10136,Ivanhoe District
13142,Ivanhoe West,10136,Ivanhoe District
12390,Macleod,10136,Ivanhoe District
12523,Olympic Village,10136,Ivanhoe District
12997,Rosanna,10136,Ivanhoe District
12278,Streeton,10136,Ivanhoe District
13927,Viewbank,10136,Ivanhoe District
12921,Waiora,10136,Ivanhoe District
13114,Balwyn Central,10155,Kew District
12742,Balwyn North,10155,Kew District
12763,Balwyn North Central,10155,Kew District
13455,Balwyn North West,10155,Kew District
12539,Balwyn West,10155,Kew District
13339,Boroondara,10155,Kew District
12682,Canterbury,10155,Kew District
13556,Cotham,10155,Kew District
13721,Deepdene,10155,Kew District
12276,Greythorn,10155,Kew District
12607,Hyde Park,10155,Kew District
13625,Kew,10155,Kew District
13182,Kew East,10155,Kew District
13590,Kew North,10155,Kew District
13747,Kew South,10155,Kew District
12822,Studley Park,10155,Kew District
12880,Aspendale Gardens,10109,Keysborough District
12264,Chapel,10109,Keysborough District
12268,Coomoora,10109,Keysborough District
13719,Dingley,10109,Keysborough District
12861,Heatherhill,10109,Keysborough District
13776,Keysborough Park,10109,Keysborough District
13085,Kingswood,10109,Keysborough District
12655,Loxwood,10109,Keysborough District
13018,Maralinga,10109,Keysborough District
13715,Noble Park,10109,Keysborough District
12548,Noble Park South,10109,Keysborough District
13036,Southvale,10109,Keysborough District
12530,Springvale,10109,Keysborough District
13620,Springvale South,10109,Keysborough District
12338,Wallarano,10109,Keysborough District
12786,Albanvale,10185,Kororoit District
12576,Brookside,10185,Kororoit District
13230,Cairnlea,10185,Kororoit District
13027,Caroline Springs,10185,Kororoit District
12369,Creekside,10185,Kororoit District
12726,Deer Park Central,10185,Kororoit District
13959,Deer Park North,10185,Kororoit District
13941,Deer Park West,10185,Kororoit District
12397,Kings Park,10185,Kororoit District
12355,Mount Derrimut,10185,Kororoit District
13803,Rockbank,10185,Kororoit District
12565,Stevensville,10185,Kororoit District
12599,Anakie,10164,Lara District
12588,Bell Park,10164,Lara District
13214,Bell Park South,10164,Lara District
12973,Bisinella,10164,Lara District
12470,Corio,10164,Lara District
13935,Corio Central,10164,Lara District
12246,Corio West,10164,Lara District
13459,Hamlyn Heights,10164,Lara District
13177,Lara,10164,Lara District
13130,Lara Central,10164,Lara District
13398,Lara Lake,10164,Lara District
12979,Norlane,10164,Lara District
12794,Norlane West,10164,Lara District
12395,North Shore,10164,Lara District
12316,Rollins,10164,Lara District
13553,St Helens,10164,Lara District
13856,Antwerp,10175,Lowan District
13090,Apsley,10175,Lowan District
13200,Balmoral,10175,Lowan District
13775,Branxholme,10175,Lowan District
13375,Brim,10175,Lowan District
13005,Byaduk,10175,Lowan District
13441,Casterton,10175,Lowan District
13882,Cavendish,10175,Lowan District
13409,Coleraine,10175,Lowan District
13394,Dadswells Bridge,10175,Lowan District
12947,Dartmoor,10175,Lowan District
13136,Dergholm,10175,Lowan District
12729,Dimboola,10175,Lowan District
13655,Dooen,10175,Lowan District
13189,Dunkeld,10175,Lowan District
,Edenhope,10175,Lowan District
13221,Glenthompson,10175,Lowan District
13578,Goroke,10175,Lowan District
12460,Halls Gap,10175,Lowan District
13728,Hamilton,10175,Lowan District
13207,Hamilton Central,10175,Lowan District
12581,Hamilton North,10175,Lowan District
12778,Harrow,10175,Lowan District
13287,Haven,10175,Lowan District
13023,Horsham East,10175,Lowan District
12835,Horsham North,10175,Lowan District
13166,Horsham South,10175,Lowan District
12455,Horsham West,10175,Lowan District
12872,Jeparit,10175,Lowan District
12734,Jung,10175,Lowan District
12801,Kaniva,10175,Lowan District
13529,Laharum,10175,Lowan District
12266,Lake Bolac,10175,Lowan District
12823,Merino,10175,Lowan District
12883,Minimay,10175,Lowan District
13937,Minyip,10175,Lowan District
13607,Moyston,10175,Lowan District
12699,Murra Warra,10175,Lowan District
13196,Murtoa,10175,Lowan District
12911,Natimuk,10175,Lowan District
13639,Netherby,10175,Lowan District
12618,Nhill,10175,Lowan District
12542,Noradjuha,10175,Lowan District
12804,Patterson Park,10175,Lowan District
12854,Penshurst,10175,Lowan District
12960,Pimpinio,10175,Lowan District
12749,Pomonal,10175,Lowan District
13216,Quantong,10175,Lowan District
13256,Rainbow,10175,Lowan District
13711,Riverside,10175,Lowan District
12570,Rupanyup,10175,Lowan District
13407,Serviceton,10175,Lowan District
13273,Streatham,10175,Lowan District
12247,Tarrington,10175,Lowan District
12852,Tatyoon,10175,Lowan District
12444,Toolondo,10175,Lowan District
13947,Warracknabeal,10175,Lowan District
12697,Willaura,10175,Lowan District
12847,Wonwondah North,10175,Lowan District
13867,Yanac,10175,Lowan District
12325,Blackwood,10097,Macedon District
12505,Bolinda,10097,Macedon District
13713,Bullengarook,10097,Macedon District
12367,Clarkefield,10097,Macedon District
13931,Darraweit Guim,10097,Macedon District
12568,Daylesford,10097,Macedon District
13439,Drummond,10097,Macedon District
13672,Elphinstone,10097,Macedon District
12933,Gisborne,10097,Macedon District
13826,Gisborne South,10097,Macedon District
13032,Glenlyon,10097,Macedon District
13510,Hepburn Springs,10097,Macedon District
12637,Kyneton,10097,Macedon District
13783,Kyneton East,10097,Macedon District
13095,Lancefield,10097,Macedon District
13116,Macedon,10097,Macedon District
12992,Malmsbury,10097,Macedon District
13618,Mount Macedon,10097,Macedon District
12479,New Gisborne,10097,Macedon District
13778,Newham,10097,Macedon District
12993,Riddell,10097,Macedon District
12341,Romsey,10097,Macedon District
13920,Taradale,10097,Macedon District
12411,Toolern,10097,Macedon District
12494,Trentham,10097,Macedon District
13824,Tylden,10097,Macedon District
12413,Woodend,10097,Macedon District
12532,Yandoit,10097,Macedon District
12401,Armadale,10174,Malvern District
13599,Armadale East,10174,Malvern District
13956,Carnegie North,10174,Malvern District
13706,Chadstone,10174,Malvern District
13869,Darling,10174,Malvern District
12681,Gardiner,10174,Malvern District
13418,Kooyong,10174,Malvern District
13437,Malvern,10174,Malvern District
13174,Malvern Central,10174,Malvern District
12506,Malvern East,10174,Malvern District
12500,Malvern Lower,10174,Malvern District
13971,Malvern South,10174,Malvern District
12240,Toorak,10174,Malvern District
13830,Toorak Central,10174,Malvern District
13966,Carlton,10117,Melbourne District
12662,Carlton Central,10117,Melbourne District
13976,Carlton North,10117,Melbourne District
13255,Docklands,10117,Melbourne District
13844,East Melbourne,10117,Melbourne District
13986,Hotham Hill,10117,Melbourne District
12578,Kensington,10117,Melbourne District
12915,Melbourne,10117,Melbourne District
12806,North Melbourne,10117,Melbourne District
13696,North Melbourne East,10117,Melbourne District
12977,Parkville,10117,Melbourne District
13949,Queen Victoria,10117,Melbourne District
13362,South Kensington,10117,Melbourne District
13007,Bacchus Marsh,10121,Melton District
12227,Bacchus Marsh Central,10121,Melton District
12335,Brookfield,10121,Melton District
12386,Bulmans,10121,Melton District
12666,Coburn,10121,Melton District
12261,Darley,10121,Melton District
12493,Exford,10121,Melton District
13993,Eynesbury,10121,Melton District
13943,Kurunjang,10121,Melton District
12302,Melton,10121,Melton District
13117,Melton Central,10121,Melton District
13606,Melton South,10121,Melton District
13917,Melton West,10121,Melton District
13731,Berriwillock,10143,Mildura District
13194,Beulah,10143,Mildura District
12891,Birchip,10143,Mildura District
13047,Boundary Bend,10143,Mildura District
13994,Cabarita,10143,Mildura District
13889,Cardross,10143,Mildura District
13913,Culgoa,10143,Mildura District
13222,Cullulleraine,10143,Mildura District
13065,Hopetoun,10143,Mildura District
13646,Irymple,10143,Mildura District
12322,Koorlong,10143,Mildura District
12333,Manangatang,10143,Mildura District
13964,Merbein,10143,Mildura District
12336,Mildura,10143,Mildura District
13705,Mildura City Central,10143,Mildura District
13899,Mildura Deakin,10143,Mildura District
13940,Mildura Ranfurly,10143,Mildura District
12871,Mildura South,10143,Mildura District
12345,Mildura West,10143,Mildura District
12982,Murrayville,10143,Mildura District
13163,Nandaly,10143,Mildura District
13186,Nangiloc,10143,Mildura District
12932,Nichols Point,10143,Mildura District
13226,Nullawil,10143,Mildura District
12339,Ouyen,10143,Mildura District
12334,Patchewollock,10143,Mildura District
12519,Piangil,10143,Mildura District
13107,Red Cliffs,10143,Mildura District
13785,Robinvale,10143,Mildura District
13260,Sea Lake,10143,Mildura District
13320,Speed,10143,Mildura District
13693,Sunnycliffs,10143,Mildura District
13075,Underbool,10143,Mildura District
13991,Walpeup,10143,Mildura District
12605,Watchem,10143,Mildura District
13594,Wemen,10143,Mildura District
13281,Werrimull,10143,Mildura District
13506,Woomelang,10143,Mildura District
13067,Wycheproof,10143,Mildura District
13083,Yaapeet,10143,Mildura District
12616,Blossom Park,10105,Mill Park District
13951,Epping East,10105,Mill Park District
13461,Epping Views,10105,Mill Park District
13012,Findon,10105,Mill Park District
13796,Greenbrook,10105,Mill Park District
13853,Lalor North East,10105,Mill Park District
13820,Marymeade,10105,Mill Park District
13467,Meadow Glen,10105,Mill Park District
12987,Mill Park Heights,10105,Mill Park District
12924,Morang South,10105,Mill Park District
13998,The Lakes,10105,Mill Park District
13306,The Stables,10105,Mill Park District
13264,Belgrave,10141,Monbulk District
12258,Belgrave South,10141,Monbulk District
13250,Ferntree Gully Upper,10141,Monbulk District
13799,Ferny Creek,10141,Monbulk District
12366,Kallista,10141,Monbulk District
13528,Kilsyth,10141,Monbulk District
13981,Kilsyth South,10141,Monbulk District
13086,Lilydale Lake,10141,Monbulk District
13566,Macclesfield,10141,Monbulk District
13084,Menzies Creek,10141,Monbulk District
13429,Monbulk Central,10141,Monbulk District
13677,Montrose,10141,Monbulk District
13524,Montrose South,10141,Monbulk District
13430,Mooroolbark East,10141,Monbulk District
13938,Mooroolbark South,10141,Monbulk District
13952,Mount Dandenong,10141,Monbulk District
13311,Narre Warren East,10141,Monbulk District
13073,Olinda,10141,Monbulk District
13377,Sassafras,10141,Monbulk District
12255,Selby,10141,Monbulk District
12845,Silvan,10141,Monbulk District
12358,Tecoma,10141,Monbulk District
12988,The Patch,10141,Monbulk District
12435,Upwey,10141,Monbulk District
12528,Wandin East,10141,Monbulk District
12657,Aspendale,10158,Mordialloc District
13295,Aspendale Gardens,10158,Mordialloc District
13279,Chelsea,10158,Mordialloc District
12833,Chelsea Central,10158,Mordialloc District
12417,Chelsea Heights,10158,Mordialloc District
12674,Cheltenham East,10158,Mordialloc District
13945,Cheltenham South,10158,Mordialloc District
13777,Edithvale,10158,Mordialloc District
13579,Mentone,10158,Mordialloc District
12513,Mentone North,10158,Mordialloc District
12810,Mentone Park,10158,Mordialloc District
13168,Mordialloc East,10158,Mordialloc District
12895,Parkdale,10158,Mordialloc District
13113,Parkdale Central,10158,Mordialloc District
13322,Parkdale East,10158,Mordialloc District
13266,Derinya,10166,Mornington District
13093,Kunyung,10166,Mornington District
13022,Moorooduc,10166,Mornington District
12529,Mornington,10166,Mornington District
13653,Mornington East,10166,Mornington District
13289,Mornington South,10166,Mornington District
13755,Mt Eliza,10166,Mornington District
12956,Mt Eliza Central,10166,Mornington District
13122,Mt Eliza North,10166,Mornington District
12382,Mt Eliza South,10166,Mornington District
13694,Mt Martha,10166,Mornington District
13562,Osborne,10166,Mornington District
12610,Tanti Park,10166,Mornington District
13225,Boolarra,10186,Morwell District
12517,Churchill,10186,Morwell District
12544,Cowwarr,10186,Morwell District
12918,Glengarry,10186,Morwell District
13469,Hazelwood North,10186,Morwell District
12667,Moe,10186,Morwell District
12702,Morwell,10186,Morwell District
12235,Morwell Central,10186,Morwell District
13192,Morwell East,10186,Morwell District
13831,Morwell Estate,10186,Morwell District
13037,Newborough,10186,Morwell District
13188,Newborough East,10186,Morwell District
12601,Toongabbie,10186,Morwell District
12495,Traralgon,10186,Morwell District
12780,Traralgon East,10186,Morwell District
13104,Traralgon North,10186,Morwell District
13797,Traralgon North East,10186,Morwell District
13496,Traralgon South,10186,Morwell District
13088,Traralgon West,10186,Morwell District
12289,Tyers,10186,Morwell District
13014,Yallourn North,10186,Morwell District
13278,Yinnar,10186,Morwell District
12454,Essex Heights,10151,Mount Waverley District
12447,Glen Waverley,10151,Mount Waverley District
13380,Glen Waverley Central,10151,Mount Waverley District
12463,Glen Waverley Lower,10151,Mount Waverley District
13485,Glen Waverley South,10151,Mount Waverley District
12546,Glendal,10151,Mount Waverley District
13691,Mount View,10151,Mount Waverley District
12831,Mount Waverley North,10151,Mount Waverley District
13635,Mount Waverley South,10151,Mount Waverley District
13843,Pinewood,10151,Mount Waverley District
12776,Syndal North,10151,Mount Waverley District
13674,Syndal South,10151,Mount Waverley District
13890,The Glen,10151,Mount Waverley District
13143,Brandon Park,10179,Mulgrave District
12963,Clareville,10179,Mulgrave District
13701,Gladeswood,10179,Mulgrave District
13253,Glen Waverley South,10179,Mulgrave District
12902,Harrisfield,10179,Mulgrave District
13241,Jells Park,10179,Mulgrave District
12968,Lyndale,10179,Mulgrave District
12273,Mulgrave,10179,Mulgrave District
13310,Noble Park,10179,Mulgrave District
13392,Noble Park North,10179,Mulgrave District
13064,Northvale,10179,Mulgrave District
12653,Silverton,10179,Mulgrave District
13325,Springvale Heights,10179,Mulgrave District
13839,Waverley Meadows,10179,Mulgrave District
13286,Waverley Park,10179,Mulgrave District
12820,Wheelers Hill,10179,Mulgrave District
12903,Wheelers Hill South,10179,Mulgrave District
12604,Ballendella,10154,Murray Plains District
13781,Bamawm,10154,Murray Plains District
12458,Bamawm Extension,10154,Murray Plains District
12687,Beverford,10154,Murray Plains District
12589,Boort,10154,Murray Plains District
13206,Calivil,10154,Murray Plains District
12771,Cohuna,10154,Murray Plains District
13401,Dingwall,10154,Murray Plains District
13811,Echuca,10154,Murray Plains District
14007,Echuca East,10154,Murray Plains District
13350,Echuca South,10154,Murray Plains District
13905,Gunbower,10154,Murray Plains District
13801,Kerang,10154,Murray Plains District
13213,Kerang North,10154,Murray Plains District
13305,Koondrook,10154,Murray Plains District
13862,Koyuga,10154,Murray Plains District
12613,Ky Valley,10154,Murray Plains District
13147,Kyabram,10154,Murray Plains District
12974,Lake Boga,10154,Murray Plains District
13232,Lake Charm,10154,Murray Plains District
13926,Lalbert,10154,Murray Plains District
13447,Lancaster,10154,Murray Plains District
12829,Leitchville,10154,Murray Plains District
12431,Lockington,10154,Murray Plains District
13159,Macorna,10154,Murray Plains District
12757,Mitiamo,10154,Murray Plains District
12700,Murrabit,10154,Murray Plains District
13626,Nanneella,10154,Murray Plains District
12466,Nyah,10154,Murray Plains District
12305,Nyah West,10154,Murray Plains District
13248,Pyramid Hill,10154,Murray Plains District
13111,Quambatook,10154,Murray Plains District
13317,Rochester,10154,Murray Plains District
12415,Swan Hill,10154,Murray Plains District
12468,Swan Hill North,10154,Murray Plains District
13933,Swan Hill South,10154,Murray Plains District
13324,Swan Hill West,10154,Murray Plains District
13841,Tongala,10154,Murray Plains District
13426,Torrumbarry,10154,Murray Plains District
13076,Ultima,10154,Murray Plains District
12242,Undera,10154,Murray Plains District
12717,Woorinen,10154,Murray Plains District
12393,Wyuna,10154,Murray Plains District
13187,Yarrawalla South,10154,Murray Plains District
13218,Bona Vista,10181,Narracan District
13597,Buln Buln,10181,Narracan District
12962,Bunyip,10181,Narracan District
13245,Cora Lynn,10181,Narracan District
12295,Darnum,10181,Narracan District
13970,Drouin,10181,Narracan District
13246,Drouin College,10181,Narracan District
12486,Drouin South,10181,Narracan District
12265,Drouin West,10181,Narracan District
13521,Ellinbank,10181,Narracan District
12848,Erica,10181,Narracan District
13837,Garfield,10181,Narracan District
12762,Hill End,10181,Narracan District
12580,Jindivick,10181,Narracan District
13347,Labertouche,10181,Narracan District
12935,Lillico,10181,Narracan District
13021,Longwarry,10181,Narracan District
13443,Maryknoll,10181,Narracan District
12471,Moe,10181,Narracan District
12226,Moe Central,10181,Narracan District
13357,Moe West,10181,Narracan District
13044,Nar Nar Goon,10181,Narracan District
12656,Nar Nar Goon North,10181,Narracan District
13421,Narracan,10181,Narracan District
13160,Neerim Junction,10181,Narracan District
12931,Neerim South,10181,Narracan District
12561,Nilma,10181,Narracan District
12602,Noojee,10181,Narracan District
12293,Rawson,10181,Narracan District
13525,Rokeby,10181,Narracan District
12378,Tanjil South,10181,Narracan District
13792,Tetoora Road,10181,Narracan District
13794,Thorpdale,10181,Narracan District
13868,Trafalgar,10181,Narracan District
13337,Tynong,10181,Narracan District
13373,Warragul,10181,Narracan District
12770,Warragul East,10181,Narracan District
12672,Warragul North,10181,Narracan District
12796,Willow Grove,10181,Narracan District
13393,Yarragon,10181,Narracan District
12595,Avebury,10172,Narre Warren North District
12520,Berwick Lodge,10172,Narre Warren North District
13501,Endeavour Hills East,10172,Narre Warren North District
12677,Fountain Gate,10172,Narre Warren North District
13425,Glen Eagles,10172,Narre Warren North District
13652,Hallam,10172,Narre Warren North District
13009,Hallam East,10172,Narre Warren North District
12303,Hallam Valley,10172,Narre Warren North District
12372,Harkaway,10172,Narre Warren North District
13210,Maramba,10172,Narre Warren North District
13244,Mitchell,10172,Narre Warren North District
12282,Narre Warren,10172,Narre Warren North District
13591,Narre Warren North,10172,Narre Warren North District
12958,Oatlands,10172,Narre Warren North District
13683,Timbarra,10172,Narre Warren North District
13784,Berwick Chase,10162,Narre Warren South District
13638,Berwick South,10162,Narre Warren South District
13769,Centre Road,10162,Narre Warren South District
12271,Coral Park,10162,Narre Warren South District
13760,Hampton Park,10162,Narre Warren South District
12351,Hampton Park East,10162,Narre Warren South District
13474,Hillsmeade,10162,Narre Warren South District
13544,Kilberry Valley,10162,Narre Warren South District
12522,Narre Warren South,10162,Narre Warren South District
12547,Oakgrove,10162,Narre Warren South District
12658,Strathaird,10162,Narre Warren South District
12549,Balnarring,10150,Nepean District
13550,Blairgowrie,10150,Nepean District
12949,Boneo,10150,Nepean District
12635,Dromana,10150,Nepean District
13577,Dromana Beach,10150,Nepean District
13155,Flinders,10150,Nepean District
12526,McCrae,10150,Nepean District
12938,Portsea,10150,Nepean District
13640,Red Hill,10150,Nepean District
13572,Rosebud,10150,Nepean District
13516,Rosebud East,10150,Nepean District
12297,Rosebud South,10150,Nepean District
13671,Rosebud West,10150,Nepean District
13660,Rye,10150,Nepean District
12385,Shoreham,10150,Nepean District
12853,Somers,10150,Nepean District
13881,Sorrento,10150,Nepean District
13290,St Andrews Beach,10150,Nepean District
13434,Tootgarook,10150,Nepean District
13040,Waterfall Gully,10150,Nepean District
13962,Aberfeldie,10112,Niddrie District
13355,Airport West,10112,Niddrie District
13573,Avondale Heights,10112,Niddrie District
12534,Avondale Heights Central,10112,Niddrie District
12980,Avondale Heights North,10112,Niddrie District
12434,Buckley Park,10112,Niddrie District
13298,Calder Rise,10112,Niddrie District
13714,Essendon North,10112,Niddrie District
12619,Essendon West,10112,Niddrie District
13028,Keilor,10112,Niddrie District
13548,Keilor East,10112,Niddrie District
13242,Keilor Heights,10112,Niddrie District
13146,Keilor Park,10112,Niddrie District
13056,Keilor South,10112,Niddrie District
12281,Niddrie,10112,Niddrie District
12407,Niddrie Central,10112,Niddrie District
13846,Alphington,10130,Northcote District
13689,Alphington North,10130,Northcote District
12689,Bell,10130,Northcote District
13918,Croxton,10130,Northcote District
12518,Darebin Parklands,10130,Northcote District
12489,Fairfield,10130,Northcote District
12575,Northcote,10130,Northcote District
13423,Northcote North,10130,Northcote District
13059,Northcote South,10130,Northcote District
13175,Preston,10130,Northcote District
12615,Preston South,10130,Northcote District
12788,Thornbury,10130,Northcote District
12328,Thornbury East,10130,Northcote District
12614,Thornbury South,10130,Northcote District
13237,Westgarth,10130,Northcote District
14006,Carnegie,10173,Oakleigh District
13191,Carnegie East,10173,Oakleigh District
12229,Carnegie West,10173,Oakleigh District
12842,Clayton North,10173,Oakleigh District
13457,Glenhuntly East,10173,Oakleigh District
13234,Hughesdale,10173,Oakleigh District
12940,Huntingdale,10173,Oakleigh District
12913,Monash East,10173,Oakleigh District
12752,Murrumbeena,10173,Oakleigh District
13224,Murrumbeena South,10173,Oakleigh District
12843,Oakleigh,10173,Oakleigh District
12583,Oakleigh Central,10173,Oakleigh District
13531,Oakleigh East,10173,Oakleigh District
13274,Oakleigh North,10173,Oakleigh District
13053,Sussex Heights,10173,Oakleigh District
13038,Boorhaman,10113,Ovens Valley District
13874,Bright,10113,Ovens Valley District
12321,Bundalong,10113,Ovens Valley District
13724,Cheshunt,10113,Ovens Valley District
13008,Cobram,10113,Ovens Valley District
12306,Eldorado,10113,Ovens Valley District
13195,Everton,10113,Ovens Valley District
13669,Gapsted,10113,Ovens Valley District
13865,Glenrowan,10113,Ovens Valley District
12510,Greta West,10113,Ovens Valley District
12783,Harrietville,10113,Ovens Valley District
13205,Invergordon,10113,Ovens Valley District
12552,Katamatite,10113,Ovens Valley District
13361,Londrigan,10113,Ovens Valley District
13149,Milawa,10113,Ovens Valley District
12562,Moyhu,10113,Ovens Valley District
12875,Mudgegonga,10113,Ovens Valley District
12456,Myrrhee,10113,Ovens Valley District
13307,Myrtleford,10113,Ovens Valley District
13754,Oxley,10113,Ovens Valley District
13170,Porepunkah,10113,Ovens Valley District
12291,Springhurst,10113,Ovens Valley District
13448,St James,10113,Ovens Valley District
12916,Tarrawingee,10113,Ovens Valley District
13520,Tungamah,10113,Ovens Valley District
12344,Wandiligong,10113,Ovens Valley District
13623,Wangaratta,10113,Ovens Valley District
12461,Wangaratta West,10113,Ovens Valley District
13780,West End,10113,Ovens Valley District
13613,Whitfield,10113,Ovens Valley District
13659,Whorouly,10113,Ovens Valley District
12961,Yarrawonga,10113,Ovens Valley District
12858,Yarrawonga Central,10113,Ovens Valley District
13787,Yarroweyah,10113,Ovens Valley District
13321,Yarrunga,10113,Ovens Valley District
13275,Coburg,10098,Pascoe Vale District
13476,Coburg East,10098,Pascoe Vale District
12540,Coburg North,10098,Pascoe Vale District
12740,Coburg South,10098,Pascoe Vale District
13916,Coburg West,10098,Pascoe Vale District
12964,Gaffney,10098,Pascoe Vale District
12889,Glenroy,10098,Pascoe Vale District
13850,Glenroy East,10098,Pascoe Vale District
12418,Glenroy North,10098,Pascoe Vale District
12408,Glenroy West,10098,Pascoe Vale District
12943,Gowrie Park,10098,Pascoe Vale District
13716,Hadfield,10098,Pascoe Vale District
13904,Lake Park,10098,Pascoe Vale District
13102,Merlynston,10098,Pascoe Vale District
13284,Murray,10098,Pascoe Vale District
13838,Newlands,10098,Pascoe Vale District
12807,Oak Park,10098,Pascoe Vale District
12429,Pascoe Vale,10098,Pascoe Vale District
13141,Pascoe Vale Central,10098,Pascoe Vale District
12919,Pascoe Vale North,10098,Pascoe Vale District
13883,Pascoe Vale South,10098,Pascoe Vale District
13388,Strathmore North,10098,Pascoe Vale District
12643,Aireys Inlet,10132,Polwarth District
12622,Anglesea,10132,Polwarth District
12503,Apollo Bay,10132,Polwarth District
12392,Bannockburn,10132,Polwarth District
13251,Beeac,10132,Polwarth District
12363,Birregurra,10132,Polwarth District
13329,Camperdown,10132,Polwarth District
13078,Carpendeit,10132,Polwarth District
13340,Cobden,10132,Polwarth District
12893,Colac East,10132,Polwarth District
12600,Colac West,10132,Polwarth District
13885,Cororooke,10132,Polwarth District
13127,Cressy,10132,Polwarth District
12442,Deans Marsh,10132,Polwarth District
13385,Derrinallum,10132,Polwarth District
12862,Ecklin,10132,Polwarth District
13898,Elliminyt,10132,Polwarth District
13564,Forrest,10132,Polwarth District
13878,Fyansford,10132,Polwarth District
12999,Gellibrand River,10132,Polwarth District
12925,Inverleigh,10132,Polwarth District
13960,Irrewillipe East,10132,Polwarth District
14012,Lavers Hill,10132,Polwarth District
13460,Lismore,10132,Polwarth District
13169,Lorne,10132,Polwarth District
13984,Mortlake,10132,Polwarth District
13845,Noorat,10132,Polwarth District
12774,Nullawarre,10132,Polwarth District
12364,Peterborough,10132,Polwarth District
13944,Port Campbell,10132,Polwarth District
13017,Rokewood,10132,Polwarth District
13050,Scotts Creek,10132,Polwarth District
13503,Simpson,10132,Polwarth District
12424,Skipton,10132,Polwarth District
12288,Teesdale,10132,Polwarth District
12946,Terang,10132,Polwarth District
13499,Timboon,10132,Polwarth District
12838,Warrion,10132,Polwarth District
13601,Winchelsea,10132,Polwarth District
12905,Winchelsea South,10132,Polwarth District
13066,Wiridjil,10132,Polwarth District
13468,Alma,10126,Prahran District
13764,Balaclava,10126,Prahran District
12772,Fawkner Park,10126,Prahran District
12476,Hawksburn,10126,Prahran District
13043,Hawksburn Central,10126,Prahran District
13793,Orrong,10126,Prahran District
12232,Prahran,10126,Prahran District
13854,Prahran East,10126,Prahran District
13533,Redan Central,10126,Prahran District
12818,South Yarra,10126,Prahran District
12864,St Kilda East,10126,Prahran District
12515,Toorak Central,10126,Prahran District
13338,Toorak West,10126,Prahran District
13900,Windsor,10126,Prahran District
12834,Bell,10131,Preston District
13895,Boldrewood,10131,Preston District
13751,Keon Park,10131,Preston District
12743,Merrilands,10131,Preston District
12525,Murray,10131,Preston District
12785,Newlands,10131,Preston District
13323,Preston,10131,Preston District
13471,Preston East,10131,Preston District
12892,Preston North East,10131,Preston District
12299,Preston South,10131,Preston District
14003,Preston West,10131,Preston District
12383,Regent,10131,Preston District
13342,Reservoir,10131,Preston District
12482,Reservoir Central,10131,Preston District
12751,Reservoir East,10131,Preston District
13732,Reservoir North,10131,Preston District
12448,Reservoir North East,10131,Preston District
13704,Reservoir South,10131,Preston District
13378,Reservoir West,10131,Preston District
13667,Ruthven,10131,Preston District
13642,Abbotsford,10182,Richmond District
12597,Atherton Gardens,10182,Richmond District
13046,Clifton Hill,10182,Richmond District
13980,Collingwood,10182,Richmond District
12590,Collingwood North,10182,Richmond District
12527,Delbridge,10182,Richmond District
12955,Fitzroy,10182,Richmond District
12899,Fitzroy North,10182,Richmond District
13079,Hosie,10182,Richmond District
13690,Richmond,10182,Richmond District
13681,Richmond Central,10182,Richmond District
12730,Richmond North 106,10182,Richmond District
13387,Richmond North 110,10182,Richmond District
12998,Richmond South,10182,Richmond District
13303,Antonio Park,10110,Ringwood District
12797,Eastwood,10110,Ringwood District
12969,Heatherdale,10110,Ringwood District
12426,Heathmont,10110,Ringwood District
12790,Mitcham,10110,Ringwood District
13876,Mitcham South,10110,Ringwood District
13860,Norwood,10110,Ringwood District
13404,Nunawading,10110,Ringwood District
13592,Nunawading East,10110,Ringwood District
12701,Nunawading South,10110,Ringwood District
12817,Ringwood,10110,Ringwood District
12954,Ringwood East,10110,Ringwood District
12640,Ringwood Heights,10110,Ringwood District
12553,Ringwood North,10110,Ringwood District
12577,Ringwood South,10110,Ringwood District
12379,Southwood,10110,Ringwood District
12438,Tinternvale,10110,Ringwood District
12439,Wakefield,10110,Ringwood District
12712,Alfredton West,10167,Ripon District
12647,Amphitheatre,10167,Ripon District
12866,Ararat,10167,Ripon District
12832,Ararat West,10167,Ripon District
14004,Ascot,10167,Ripon District
12914,Avoca,10167,Ripon District
12873,Bealiba,10167,Ripon District
13809,Beaufort,10167,Ripon District
12541,Bowenvale,10167,Ripon District
13835,Bridgewater,10167,Ripon District
12234,Buangor,10167,Ripon District
13091,Carisbrook,10167,Ripon District
12516,Charlton,10167,Ripon District
13656,Clunes,10167,Ripon District
12787,Concongella,10167,Ripon District
13354,Creswick,10167,Ripon District
12512,Donald,10167,Ripon District
12427,Dunolly,10167,Ripon District
13770,Elmhurst,10167,Ripon District
13452,Glenorchy,10167,Ripon District
12630,Great Western,10167,Ripon District
12863,Inglewood,10167,Ripon District
12349,Korong Vale,10167,Ripon District
13243,Landsborough,10167,Ripon District
13768,Learmonth,10167,Ripon District
13946,Lexton,10167,Ripon District
13019,Litchfield,10167,Ripon District
12572,Marnoo,10167,Ripon District
12231,Maryborough,10167,Ripon District
13277,Maryborough East,10167,Ripon District
13100,Miners Rest,10167,Ripon District
13296,Moonambel,10167,Ripon District
13772,Newbridge,10167,Ripon District
12491,Newlyn,10167,Ripon District
12475,Smeaton,10167,Ripon District
13167,Snake Valley,10167,Ripon District
13058,St Arnaud,10167,Ripon District
12244,Stawell,10167,Ripon District
12248,Stawell West,10167,Ripon District
13258,Stuart Mill,10167,Ripon District
13030,Talbot,10167,Ripon District
13816,Tarnagulla,10167,Ripon District
12502,Waubra,10167,Ripon District
12488,Wedderburn,10167,Ripon District
12440,Carrington,10133,Rowville District
12890,Ferntree Gully Central,10133,Rowville District
12750,Heany Park,10133,Rowville District
12885,Karoo,10133,Rowville District
13433,Lysterfield,10133,Rowville District
12511,Park Ridge,10133,Rowville District
13840,Rowville,10133,Rowville District
13923,Rowville East,10133,Rowville District
13348,Scoresby,10133,Rowville District
13212,Beaumaris,10161,Sandringham District
12421,Beaumaris Central,10161,Sandringham District
13929,Beaumaris North,10161,Sandringham District
12223,Black Rock,10161,Sandringham District
12535,Black Rock South,10161,Sandringham District
13145,Cheltenham,10161,Sandringham District
12260,Cheltenham West,10161,Sandringham District
13000,Hampton,10161,Sandringham District
13621,Hampton Central,10161,Sandringham District
13790,Highett,10161,Sandringham District
12285,Highett South,10161,Sandringham District
13530,Holloway,10161,Sandringham District
12901,Mentone,10161,Sandringham District
14009,Mentone West,10161,Sandringham District
13470,Moorabbin South East,10161,Sandringham District
,Sandringham,10161,Sandringham District
12825,Sandringham North,10161,Sandringham District
13359,Ardmona,10142,Shepparton District
12759,Barmah,10142,Shepparton District
12270,Bunbartha,10142,Shepparton District
13537,Congupna,10142,Shepparton District
12959,Dookie,10142,Shepparton District
13025,Gowrie Street,10142,Shepparton District
13239,Guthrie Street,10142,Shepparton District
12839,Katandra West,10142,Shepparton District
13851,Katunga,10142,Shepparton District
12373,Kialla,10142,Shepparton District
13396,Kialla West,10142,Shepparton District
13576,Knight Street,10142,Shepparton District
12263,Lemnos,10142,Shepparton District
12311,Mooroopna,10142,Shepparton District
13217,Naring,10142,Shepparton District
13897,Nathalia,10142,Shepparton District
12896,Numurkah,10142,Shepparton District
13982,Orrvale,10142,Shepparton District
13062,Picola,10142,Shepparton District
12412,Shepparton East,10142,Shepparton District
13349,St Georges Road,10142,Shepparton District
12509,Storey,10142,Shepparton District
13688,Strathmerton,10142,Shepparton District
12793,Tallygaroopna,10142,Shepparton District
12755,Tatura,10142,Shepparton District
13318,Toolamba,10142,Shepparton District
12545,Waaia,10142,Shepparton District
12837,Wanganui,10142,Shepparton District
13408,Wilmot Road,10142,Shepparton District
14005,Wunghnu,10142,Shepparton District
12290,Yalca North,10142,Shepparton District
13498,Armstrong Creek,10116,South Barwon District
12350,Bellbrae,10116,South Barwon District
13405,Belmont West,10116,South Barwon District
13615,Ceres,10116,South Barwon District
12966,Grovedale,10116,South Barwon District
13563,Grovedale Central,10116,South Barwon District
13276,Grovedale East,10116,South Barwon District
13742,Highton,10116,South Barwon District
13532,Highton Central,10116,South Barwon District
12725,Highton North,10116,South Barwon District
13930,Mandama,10116,South Barwon District
13726,Moriac,10116,South Barwon District
13463,Mount Duneed,10116,South Barwon District
13502,Torquay,10116,South Barwon District
13087,Torquay North,10116,South Barwon District
12698,Waurn Ponds,10116,South Barwon District
12567,Allansford,10119,South-West Coast District
12384,Bolwarra,10119,South-West Coast District
13203,Caramut,10119,South-West Coast District
12318,Condah,10119,South-West Coast District
13712,Gorae West,10119,South-West Coast District
13327,Grassmere,10119,South-West Coast District
12920,Hawkesdale,10119,South-West Coast District
13583,Heywood,10119,South-West Coast District
12490,Koroit,10119,South-West Coast District
13663,Macarthur,10119,South-West Coast District
12694,Mailors Flat,10119,South-West Coast District
13257,Naringal,10119,South-West Coast District
12898,Narrawong,10119,South-West Coast District
13092,Nelson,10119,South-West Coast District
13513,Orford,10119,South-West Coast District
12632,Panmure,10119,South-West Coast District
12826,Port Fairy,10119,South-West Coast District
13825,Portland,10119,South-West Coast District
13948,Portland South,10119,South-West Coast District
12971,Portland South West TAFE,10119,South-West Coast District
13834,Purnim,10119,South-West Coast District
12735,Tyrendarra,10119,South-West Coast District
13220,Wangoom,10119,South-West Coast District
13445,Warrnambool,10119,South-West Coast District
13034,Warrnambool - Tower Square,10119,South-West Coast District
13262,Warrnambool Central,10119,South-West Coast District
12371,Warrnambool East,10119,South-West Coast District
12723,Warrnambool Education Centre,10119,South-West Coast District
12387,Warrnambool North,10119,South-West Coast District
13379,Warrnambool South West,10119,South-West Coast District
13552,Warrnambool West,10119,South-West Coast District
13508,Woodford,10119,South-West Coast District
12827,Woolsthorpe,10119,South-West Coast District
13106,Yambuk,10119,South-West Coast District
13978,Albion,10135,St Albans District
13575,Albion North,10135,St Albans District
13063,Ardeer,10135,St Albans District
13057,Kealba,10135,St Albans District
12538,Keilor Downs,10135,St Albans District
12556,Kings Park,10135,St Albans District
13406,Monmia,10135,St Albans District
13928,St Albans,10135,St Albans District
12480,St Albans East,10135,St Albans District
12286,St Albans North,10135,St Albans District
12733,St Albans South,10135,St Albans District
13138,St Albans South East,10135,St Albans District
13914,St Albans West,10135,St Albans District
13782,Sunshine,10135,St Albans District
13734,Sunshine North,10135,St Albans District
13871,Sunvale,10135,St Albans District
13654,Bulla,10159,Sunbury District
12348,Diggers Rest,10159,Sunbury District
12555,Gladstone Park,10159,Sunbury District
12887,Gladstone Views,10159,Sunbury District
12586,Goonawarra,10159,Sunbury District
12425,Gowanbrae,10159,Sunbury District
12620,Jacksons Hill,10159,Sunbury District
13252,Melbourne Airport,10159,Sunbury District
13942,Sunbury,10159,Sunbury District
12798,Sunbury Central,10159,Sunbury District
13397,Sunbury Heights,10159,Sunbury District
12736,Sunbury North,10159,Sunbury District
13604,Sunbury North West,10159,Sunbury District
12225,Sunbury West,10159,Sunbury District
13992,Tullamarine,10159,Sunbury District
13842,Delahey,10170,Sydenham District
12626,Hillside,10170,Sydenham District
13779,Kings Park,10170,Sydenham District
13410,Parkwood Green,10170,Sydenham District
12294,Plumpton,10170,Sydenham District
13827,Springside,10170,Sydenham District
12710,Sydenham,10170,Sydenham District
13692,Sydenham East,10170,Sydenham District
13557,Sydenham West,10170,Sydenham District
12569,Taylors Hill,10170,Sydenham District
13954,Taylors Lakes,10170,Sydenham District
13487,Taylors Lakes Central,10170,Sydenham District
13907,Taylors Lakes North,10170,Sydenham District
13271,Bellbridge,10111,Tarneit District
13049,Bellbridge East,10111,Tarneit District
13673,Cambridge,10111,Tarneit District
13645,Derrimut,10111,Tarneit District
12399,Mossfiel,10111,Tarneit District
13119,Tarneit,10111,Tarneit District
12571,Tarneit East,10111,Tarneit District
12811,Tarneit North,10111,Tarneit District
13560,Tarneit Rise,10111,Tarneit District
13720,Tarneit West,10111,Tarneit District
12274,The Grange,10111,Tarneit District
13836,Truganina,10111,Tarneit District
13670,Truganina South,10111,Tarneit District
13346,Westgrove,10111,Tarneit District
13074,Epping,10114,Thomastown District
13035,Epping North,10114,Thomastown District
12309,Epping North West,10114,Thomastown District
13231,Epping Views,10114,Thomastown District
12991,Lalor,10114,Thomastown District
12332,Lalor East,10114,Thomastown District
12878,Lalor North,10114,Thomastown District
13464,Lalor North East,10114,Thomastown District
12308,Lalor Park,10114,Thomastown District
13526,Lalor South,10114,Thomastown District
13622,Lalor West,10114,Thomastown District
13554,Merrilands,10114,Thomastown District
12592,Norris Bank,10114,Thomastown District
13806,Ruthven,10114,Thomastown District
12462,Thomastown,10114,Thomastown District
13094,Thomastown East,10114,Thomastown District
13228,Thomastown Meadows,10114,Thomastown District
12391,Thomastown West,10114,Thomastown District
13631,Beverley Hills,10144,Warrandyte District
13068,Donburn,10144,Warrandyte District
13894,Doncaster East,10144,Warrandyte District
12219,Doncaster Gardens,10144,Warrandyte District
12708,Doncaster Heights,10144,Warrandyte District
13518,Donvale,10144,Warrandyte District
13129,Gumnut Gully,10144,Warrandyte District
13268,Milgate,10144,Warrandyte District
12830,North Warrandyte,10144,Warrandyte District
12929,Park Orchards,10144,Warrandyte District
12352,Ringwood Heights,10144,Warrandyte District
13722,Ringwood North,10144,Warrandyte District
13752,Serpell,10144,Warrandyte District
12410,The Pines,10144,Warrandyte District
12608,Tunstall,10144,Warrandyte District
12598,Warrandyte,10144,Warrandyte District
13737,Warrandyte South,10144,Warrandyte District
12904,Warranwood,10144,Warrandyte District
13446,Wonga Park,10144,Warrandyte District
13627,Alfredton,10118,Wendouree District
13204,Alfredton West,10118,Wendouree District
12272,Ballarat Central,10118,Wendouree District
13807,Ballarat North,10118,Wendouree District
12705,Ballarat North West,10118,Wendouree District
13743,Ballarat South,10118,Wendouree District
12389,Ballarat South West,10118,Wendouree District
13855,Black Hill,10118,Wendouree District
13120,Caledonian,10118,Wendouree District
13126,Delacombe,10118,Wendouree District
13819,Skipton Street,10118,Wendouree District
13507,The Stockade,10118,Wendouree District
13744,Wendouree,10118,Wendouree District
12582,Wendouree East,10118,Wendouree District
13428,Wendouree North,10118,Wendouree District
13267,Wendouree West,10118,Wendouree District
12404,Galvin Park,10180,Werribee District
12243,Glenorden,10180,Werribee District
13585,Iramoo,10180,Werribee District
13680,Little River,10180,Werribee District
12849,Manor Lakes,10180,Werribee District
13013,Manorvale,10180,Werribee District
13888,Thomas Chirnside,10180,Werribee District
13880,Werribee,10180,Werribee District
12718,Werribee Central,10180,Werribee District
13955,Werribee South,10180,Werribee District
13636,Westgrove,10180,Werribee District
13304,Woodville,10180,Werribee District
12611,Altona North,10148,Williamstown District
12686,Brooklyn,10148,Williamstown District
13366,Footscray Central,10148,Williamstown District
12819,Kingsville,10148,Williamstown District
12779,Kingsville South,10148,Williamstown District
12777,Newport,10148,Williamstown District
12748,Newport East,10148,Williamstown District
12543,Newport West,10148,Williamstown District
13020,Seddon,10148,Williamstown District
13016,Spotswood,10148,Williamstown District
13522,Spotswood West,10148,Williamstown District
13609,Williamstown,10148,Williamstown District
13153,Williamstown South,10148,Williamstown District
12499,Williamstown West,10148,Williamstown District
12254,Yarraville,10148,Williamstown District
12659,Yarraville Central,10148,Williamstown District
12886,Beveridge,10160,Yan Yean District
13648,Diamond Creek,10160,Yan Yean District
12414,Diamond Creek East,10160,Yan Yean District
13910,Doreen,10160,Yan Yean District
12707,Hurstbridge,10160,Yan Yean District
13081,Laurimar,10160,Yan Yean District
14010,Mernda,10160,Yan Yean District
12720,Mernda Central,10160,Yan Yean District
13291,Morang South,10160,Yan Yean District
13595,Plenty,10160,Yan Yean District
13766,Wallan,10160,Yan Yean District
12758,Wallan South,10160,Yan Yean District
13849,Wattle Glen,10160,Yan Yean District
12627,Whittlesea,10160,Yan Yean District
13540,Yarrambat,10160,Yan Yean District
13668,Craigieburn,10127,Yuroke District
12652,Craigieburn Central,10127,Yuroke District
13791,Craigieburn North West,10127,Yuroke District
12648,Craigieburn South,10127,Yuroke District
13718,Craigieburn West,10127,Yuroke District
13733,Greenvale,10127,Yuroke District
12814,Greenvale Park,10127,Yuroke District
13804,Greenvale South,10127,Yuroke District
13773,Mickleham,10127,Yuroke District
13105,Mount Ridley,10127,Yuroke District
12937,Roxburgh Homestead,10127,Yuroke District
13436,Roxburgh Rise,10127,Yuroke District
12665,Somerton,10127,Yuroke District
13450,Westmeadows,10127,Yuroke District
